what,kind,bundleId,bundleVersion,description,time
stopped,bundle,com.springsource.sts.ide.ui,2.9.1.201203221000-RELEASE,"com.springsource.sts.ide.ui",1451337326008
stopped,bundle,com.springsource.sts.config.core,2.9.1.201203221000-RELEASE,"com.springsource.sts.config.core",1451337326008
stopped,bundle,org.springframework.ide.eclipse.batch,2.9.1.201203220057-RELEASE,"org.springframework.ide.eclipse.batch",1451337326008
stopped,bundle,org.springframework.ide.eclipse.ajdt.ui.visualiser,2.9.1.201203220057-RELEASE,"org.springframework.ide.eclipse.ajdt.ui.visualiser",1451337326008
stopped,bundle,org.springframework.ide.eclipse.ajdt.ui.xref,2.9.1.201203220057-RELEASE,"org.springframework.ide.eclipse.ajdt.ui.xref",1451337326008
stopped,bundle,org.springframework.ide.eclipse.aop.mylyn,2.9.1.201203220057-RELEASE,"org.springframework.ide.eclipse.aop.mylyn",1451337326008
stopped,bundle,org.springframework.ide.eclipse.aop.ui.matcher,2.9.1.201203220057-RELEASE,"org.springframework.ide.eclipse.aop.ui.matcher",1451337326008
stopped,bundle,org.springframework.ide.eclipse.aop.ui,2.9.1.201203220057-RELEASE,"org.springframework.ide.eclipse.aop.ui",1451337326008
stopped,bundle,org.springframework.ide.eclipse.security,2.9.1.201203220057-RELEASE,"org.springframework.ide.eclipse.security",1451337326008
stopped,bundle,org.springframework.ide.eclipse.aop.core,2.9.1.201203220057-RELEASE,"org.springframework.ide.eclipse.aop.core",1451337326008
stopped,bundle,org.springframework.ide.eclipse.beans.ui.autowire,2.9.1.201203220057-RELEASE,"org.springframework.ide.eclipse.beans.ui.autowire",1451337326008
stopped,bundle,org.springframework.ide.eclipse.beans.core.autowire,2.9.1.201203220057-RELEASE,"org.springframework.ide.eclipse.beans.core.autowire",1451337326008
stopped,bundle,org.springframework.ide.eclipse.beans.mylyn,2.9.1.201203220057-RELEASE,"org.springframework.ide.eclipse.beans.mylyn",1451337326008
stopped,bundle,org.springframework.ide.eclipse.beans.ui.refactoring,2.9.1.201203220057-RELEASE,"org.springframework.ide.eclipse.beans.ui.refactoring",1451337326008
stopped,bundle,org.springframework.ide.eclipse.integration,2.9.1.201203220057-RELEASE,"org.springframework.ide.eclipse.integration",1451337326008
stopped,bundle,org.springframework.ide.eclipse.mylyn,2.9.1.201203220057-RELEASE,"org.springframework.ide.eclipse.mylyn",1451337326008
stopped,bundle,org.springframework.ide.eclipse.osgi,2.9.1.201203220057-RELEASE,"org.springframework.ide.eclipse.osgi",1451337326008
stopped,bundle,org.springframework.ide.eclipse.webflow.mylyn,2.9.1.201203220057-RELEASE,"org.springframework.ide.eclipse.webflow.mylyn",1451337326008
stopped,bundle,org.springframework.ide.eclipse.webflow.ui,2.9.1.201203220057-RELEASE,"org.springframework.ide.eclipse.webflow.ui",1451337326008
stopped,bundle,org.springframework.ide.eclipse.webflow.ui.graph,2.9.1.201203220057-RELEASE,"org.springframework.ide.eclipse.webflow.ui.graph",1451337326008
stopped,bundle,org.springframework.ide.eclipse.webflow.ui.editor,2.9.1.201203220057-RELEASE,"org.springframework.ide.eclipse.webflow.ui.editor",1451337326008
stopped,bundle,org.springframework.ide.eclipse.webflow.core,2.9.1.201203220057-RELEASE,"org.springframework.ide.eclipse.webflow.core",1451337326008
stopped,bundle,org.springframework.ide.eclipse.beans.ui.editor,2.9.1.201203220057-RELEASE,"org.springframework.ide.eclipse.beans.ui.editor",1451337326008
stopped,bundle,org.springframework.ide.eclipse.beans.ui.graph,2.9.1.201203220057-RELEASE,"org.springframework.ide.eclipse.beans.ui.graph",1451337326008
stopped,bundle,org.springframework.ide.eclipse.beans.ui.search,2.9.1.201203220057-RELEASE,"org.springframework.ide.eclipse.beans.ui.search",1451337326008
stopped,bundle,org.springframework.ide.eclipse.beans.ui,2.9.1.201203220057-RELEASE,"org.springframework.ide.eclipse.beans.ui",1451337326008
stopped,bundle,org.springframework.ide.eclipse.beans.core.metadata,2.9.1.201203220057-RELEASE,"org.springframework.ide.eclipse.beans.core.metadata",1451337326008
stopped,bundle,org.springframework.ide.eclipse.beans.core,2.9.1.201203220057-RELEASE,"org.springframework.ide.eclipse.beans.core",1451337326024
stopped,bundle,com.springsource.sts.content.core,2.9.1.201203221000-RELEASE,"com.springsource.sts.content.core",1451337326024
stopped,bundle,com.springsource.sts.ui,2.9.1.201203221000-RELEASE,"com.springsource.sts.ui",1451337326024
stopped,bundle,com.springsource.sts.core,2.9.1.201203221000-RELEASE,"com.springsource.sts.core",1451337326024
stopped,bundle,com.springsource.sts.ide.osgi,2.9.1.201203221000-RELEASE,"com.springsource.sts.ide.osgi",1451337326024
stopped,bundle,org.springframework.ide.eclipse.ui,2.9.1.201203220057-RELEASE,"org.springframework.ide.eclipse.ui",1451337326024
stopped,bundle,org.springframework.ide.eclipse.core,2.9.1.201203220057-RELEASE,"org.springframework.ide.eclipse.core",1451337326024
stopped,bundle,org.eclipse.datatools.enablement.hsqldb.ui,1.0.0.v201108120600,"org.eclipse.datatools.enablement.hsqldb.ui",1451337326024
stopped,bundle,org.eclipse.datatools.enablement.ingres.ui,1.0.0.v201105270214,"org.eclipse.datatools.enablement.ingres.ui",1451337326024
stopped,bundle,org.eclipse.datatools.enablement.postgresql.ui,1.0.0.v201107221506,"org.eclipse.datatools.enablement.postgresql.ui",1451337326024
stopped,bundle,org.eclipse.datatools.enablement.sqlite.ui,1.0.0.v201107221507,"org.eclipse.datatools.enablement.sqlite.ui",1451337326024
stopped,bundle,org.eclipse.jpt.jpa.eclipselink.ui,2.0.1.v201108080010,"org.eclipse.jpt.jpa.eclipselink.ui",1451337326024
stopped,bundle,org.eclipse.jpt.jpa.ui,3.0.2.v201201243020,"org.eclipse.jpt.jpa.ui",1451337326024
stopped,bundle,org.eclipse.datatools.connectivity.db.generic.ui,1.0.1.v201107221459,"org.eclipse.datatools.connectivity.db.generic.ui",1451337326024
stopped,bundle,org.eclipse.datatools.connectivity.apache.derby.ui,1.0.3.v201107221459,"org.eclipse.datatools.connectivity.apache.derby.ui",1451337326024
stopped,bundle,org.eclipse.datatools.enablement.sybase.asa.schemaobjecteditor.examples,2.5.0.200810071,"org.eclipse.datatools.enablement.sybase.asa.schemaobjecteditor.examples",1451337326024
stopped,bundle,org.eclipse.datatools.enablement.sybase.asa.ui,1.0.1.v200906111204,"org.eclipse.datatools.enablement.sybase.asa.ui",1451337326024
stopped,bundle,org.eclipse.datatools.enablement.sybase.ase.ui,1.0.1.v200906020900,"org.eclipse.datatools.enablement.sybase.ase.ui",1451337326024
stopped,bundle,org.eclipse.datatools.enablement.sybase.ui,1.0.0.v200906090452,"org.eclipse.datatools.enablement.sybase.ui",1451337326024
stopped,bundle,org.eclipse.datatools.sqltools.data.ui,1.2.1.v201010270945,"org.eclipse.datatools.sqltools.data.ui",1451337326024
stopped,bundle,org.eclipse.datatools.connectivity.sqm.server.ui,1.1.100.v201107221459,"org.eclipse.datatools.connectivity.sqm.server.ui",1451337326024
stopped,bundle,org.eclipse.datatools.sqltools.ddlgen.ui,1.0.2.v201201131129,"org.eclipse.datatools.sqltools.ddlgen.ui",1451337326024
stopped,bundle,org.eclipse.datatools.sqltools.db.derby.ui,1.0.0.v200906020900,"org.eclipse.datatools.sqltools.db.derby.ui",1451337326024
stopped,bundle,org.eclipse.datatools.sqltools.db.generic.ui,1.0.0.v200906020900,"org.eclipse.datatools.sqltools.db.generic.ui",1451337326024
stopped,bundle,org.eclipse.datatools.sqltools.debugger.core.ui,1.0.0.v201003161000,"org.eclipse.datatools.sqltools.debugger.core.ui",1451337326024
stopped,bundle,org.eclipse.datatools.sqltools.routineeditor.ui,1.0.2.v201111230714,"org.eclipse.datatools.sqltools.routineeditor.ui",1451337326024
stopped,bundle,org.eclipse.datatools.sqltools.sqlbuilder,1.0.3.v201107221520,"org.eclipse.datatools.sqltools.sqlbuilder",1451337326024
stopped,bundle,org.eclipse.datatools.sqltools.debugger.core,1.0.1.v201107221520,"org.eclipse.datatools.sqltools.debugger.core",1451337326024
stopped,bundle,org.eclipse.datatools.sqltools.schemaobjecteditor.ui.pages,1.1.0.200810071,"org.eclipse.datatools.sqltools.schemaobjecteditor.ui.pages",1451337326024
stopped,bundle,org.eclipse.datatools.sqltools.schemaobjecteditor.ui,1.1.1.200810071,"org.eclipse.datatools.sqltools.schemaobjecteditor.ui",1451337326024
stopped,bundle,org.eclipse.datatools.sqltools.sqlscrapbook,1.0.1.v201107221520,"org.eclipse.datatools.sqltools.sqlscrapbook",1451337326024
stopped,bundle,org.eclipse.datatools.sqltools.sqleditor,1.0.2.v201107221520,"org.eclipse.datatools.sqltools.sqleditor",1451337326024
stopped,bundle,org.eclipse.datatools.sqltools.editor.core.ui,1.0.0.v201001150815,"org.eclipse.datatools.sqltools.editor.core.ui",1451337326024
stopped,bundle,org.eclipse.datatools.sqltools.tabledataeditor,1.0.1.v201005250945,"org.eclipse.datatools.sqltools.tabledataeditor",1451337326024
stopped,bundle,org.eclipse.datatools.connectivity.sqm.core.ui,1.2.1.v20110926045,"org.eclipse.datatools.connectivity.sqm.core.ui",1451337326024
stopped,bundle,org.eclipse.jst.j2ee.ejb.annotations.ui,1.1.200.v201004290730,"org.eclipse.jst.j2ee.ejb.annotations.ui",1451337326024
stopped,bundle,org.eclipse.datatools.connectivity.ui.dse,1.1.4.v201107221459,"org.eclipse.datatools.connectivity.ui.dse",1451337326024
stopped,bundle,org.eclipse.jst.j2ee.xdoclet.runtime,1.1.300.v201004280700,"org.eclipse.jst.j2ee.xdoclet.runtime",1451337326024
stopped,bundle,org.eclipse.jst.j2ee.ejb.annotations.xdoclet,1.2.200.v201103302125,"org.eclipse.jst.j2ee.ejb.annotations.xdoclet",1451337326024
stopped,bundle,org.eclipse.jst.jsf.apache.trinidad.tagsupport,1.1.200.v201104061711,"org.eclipse.jst.jsf.apache.trinidad.tagsupport",1451337326024
stopped,bundle,org.eclipse.jst.jsf.facesconfig.ui,1.2.2.v201103292152,"org.eclipse.jst.jsf.facesconfig.ui",1451337326024
stopped,bundle,org.eclipse.jst.jsf.facelet.ui,1.0.1.v201104032306,"org.eclipse.jst.jsf.facelet.ui",1451337326024
stopped,bundle,org.eclipse.jst.jsf.ui,1.3.2.v201104251204,"org.eclipse.jst.jsf.ui",1451337326024
stopped,bundle,org.eclipse.jst.pagedesigner.jsf.ui,1.2.100.v201104061711,"org.eclipse.jst.pagedesigner.jsf.ui",1451337326024
stopped,bundle,org.eclipse.jst.pagedesigner,1.3.104.v201201181342,"org.eclipse.jst.pagedesigner",1451337326024
stopped,bundle,org.eclipse.jst.jsf.common.ui,1.2.100.v201104061711,"org.eclipse.jst.jsf.common.ui",1451337326024
stopped,bundle,org.eclipse.pde.ua.ui,1.0.100.v20110516,"org.eclipse.pde.ua.ui",1451337326024
stopped,bundle,org.eclipse.datatools.connectivity.oda.template.ui,3.2.3.v201201121156,"org.eclipse.datatools.connectivity.oda.template.ui",1451337326024
stopped,bundle,org.eclipse.pde.api.tools.ui,1.0.301.v20110803_r371,"org.eclipse.pde.api.tools.ui",1451337326024
stopped,bundle,org.eclipse.pde.ds.ui,1.0.100.v20111213-1754,"org.eclipse.pde.ds.ui",1451337326024
stopped,bundle,org.eclipse.ajdt.mylyn.ui,2.2.0.e37x-20120314-1100,"org.eclipse.ajdt.mylyn.ui",1451337326024
stopped,bundle,org.eclipse.ajdt.ui,2.2.0.e37x-20120314-1100,"org.eclipse.ajdt.ui",1451337326024
stopped,bundle,org.eclipse.pde.runtime,3.4.201.v20110928-1516,"org.eclipse.pde.runtime",1451337326024
stopped,bundle,org.eclipse.pde.ui.templates,3.4.400.v20110928-1516,"org.eclipse.pde.ui.templates",1451337326024
stopped,bundle,org.eclipse.pde.ui,3.6.100.v20120103_r372,"org.eclipse.pde.ui",1451337326024
stopped,bundle,org.eclipse.ui.cheatsheets,3.4.100.v20110425,"org.eclipse.ui.cheatsheets",1451337326024
stopped,bundle,org.eclipse.help.ui,3.5.101.r37_20110819,"org.eclipse.help.ui",1451337326024
stopped,bundle,org.eclipse.help.webapp,3.6.1.r37_20110929,"org.eclipse.help.webapp",1451337326024
stopped,bundle,org.eclipse.epp.mpc.ui,1.1.1.I20110907-0947,"org.eclipse.epp.mpc.ui",1451337326024
stopped,bundle,org.eclipse.epp.usagedata.ui,1.3.1.R201106061540,"org.eclipse.epp.usagedata.ui",1451337326024
stopped,bundle,org.eclipse.ui.intro.universal,3.2.500.v20110510,"org.eclipse.ui.intro.universal",1451337326024
stopped,bundle,org.eclipse.wtp.epp.package.jee.intro,1.3.0.v201006142040,"org.eclipse.wtp.epp.package.jee.intro",1451337326024
stopped,bundle,org.eclipse.ui.intro,3.4.100.v20110425,"org.eclipse.ui.intro",1451337326024
stopped,bundle,org.eclipse.help.base,3.6.2.v201202080800,"org.eclipse.help.base",1451337326024
stopped,bundle,org.eclipse.equinox.http.jetty,2.0.100.v20110502,"org.eclipse.equinox.http.jetty",1451337326024
stopped,bundle,org.eclipse.wst.server.preview,1.1.100.v20091208,"org.eclipse.wst.server.preview",1451337326024
stopped,bundle,org.eclipse.jst.ws.jaxws.ui,1.0.100.v201104032053,"org.eclipse.jst.ws.jaxws.ui",1451337326024
stopped,bundle,org.eclipse.jst.ws.jaxws.core,1.0.100.v201104031139,"org.eclipse.jst.ws.jaxws.core",1451337326024
stopped,bundle,org.eclipse.datatools.enablement.oda.ws.ui,1.2.3.v201112061438,"org.eclipse.datatools.enablement.oda.ws.ui",1451337326024
stopped,bundle,org.eclipse.datatools.enablement.oda.ws,1.2.3.v201112061438,"org.eclipse.datatools.enablement.oda.ws",1451337326024
stopped,bundle,org.eclipse.wst.wsdl,1.2.202.v201108230355,"org.eclipse.wst.wsdl",1451337326024
stopped,bundle,org.eclipse.wst.wsdl.validation,1.1.502.v201104071820,"org.eclipse.wst.wsdl.validation",1451337326024
stopped,bundle,org.eclipse.wst.xsl.exslt.ui,1.0.0.v201006012005,"org.eclipse.wst.xsl.exslt.ui",1451337326024
stopped,bundle,org.eclipse.wst.xsl.jaxp.debug.ui,1.0.200.v201103081922,"org.eclipse.wst.xsl.jaxp.debug.ui",1451337326024
stopped,bundle,org.eclipse.wst.xsl.ui,1.1.200.v201103082057,"org.eclipse.wst.xsl.ui",1451337326024
stopped,bundle,org.eclipse.wst.xml.xpath.ui,1.1.100.v201105030025,"org.eclipse.wst.xml.xpath.ui",1451337326024
stopped,bundle,org.eclipse.wst.xsl.debug.ui,1.0.200.v201101281837,"org.eclipse.wst.xsl.debug.ui",1451337326024
stopped,bundle,org.eclipse.wst.xsl.jaxp.launching,1.0.200.v201103081922,"org.eclipse.wst.xsl.jaxp.launching",1451337326024
stopped,bundle,org.eclipse.wst.xsl.launching,1.0.200.v201103081922,"org.eclipse.wst.xsl.launching",1451337326024
stopped,bundle,org.eclipse.wst.xsl.core,1.1.100.v201102270516,"org.eclipse.wst.xsl.core",1451337326024
stopped,bundle,org.eclipse.wst.xml.xpath.core,1.2.1.v201109010357,"org.eclipse.wst.xml.xpath.core",1451337326024
stopped,bundle,org.eclipse.datatools.enablement.oda.xml.ui,1.2.3.v201112071047,"org.eclipse.datatools.enablement.oda.xml.ui",1451337326024
stopped,bundle,org.eclipse.datatools.enablement.oda.xml,1.2.3.v201112061438,"org.eclipse.datatools.enablement.oda.xml",1451337326024
stopped,bundle,org.eclipse.jst.jsf.facelet.core,1.0.100.v201104191527,"org.eclipse.jst.jsf.facelet.core",1451337326024
stopped,bundle,org.eclipse.jst.jsf.core,1.3.105.v201108261005,"org.eclipse.jst.jsf.core",1451337326024
stopped,bundle,org.eclipse.jst.jsf.standard.tagsupport,1.2.100.v201104061711,"org.eclipse.jst.jsf.standard.tagsupport",1451337326024
stopped,bundle,org.eclipse.jst.pagedesigner.jsp.core,1.2.0.v20100308,"org.eclipse.jst.pagedesigner.jsp.core",1451337326024
stopped,bundle,org.eclipse.jst.jsf.common,1.2.3.v201104061039,"org.eclipse.jst.jsf.common",1451337326024
stopped,bundle,org.eclipse.wst.jsdt.web.support.jsp,1.0.400.v201102241833,"org.eclipse.wst.jsdt.web.support.jsp",1451337326024
stopped,bundle,org.eclipse.jst.jsp.ui,1.1.602.v201112071516,"org.eclipse.jst.jsp.ui",1451337326024
stopped,bundle,org.eclipse.jst.jsp.core,1.2.402.v201112071853,"org.eclipse.jst.jsp.core",1451337326024
stopped,bundle,org.eclipse.wst.jsdt.web.ui,1.0.401.v201108152113,"org.eclipse.wst.jsdt.web.ui",1451337326024
stopped,bundle,org.eclipse.jpt.jaxb.eclipselink.ui,1.1.0.v201105110000,"org.eclipse.jpt.jaxb.eclipselink.ui",1451337326024
stopped,bundle,org.eclipse.jpt.jaxb.ui,1.1.2.v201201260000,"org.eclipse.jpt.jaxb.ui",1451337326024
stopped,bundle,oracle.eclipse.tools.glassfish,4.2.1.201201241947,"oracle.eclipse.tools.glassfish",1451337326024
stopped,bundle,org.eclipse.jst.ejb.ui,1.1.601.v201201261600,"org.eclipse.jst.ejb.ui",1451337326024
stopped,bundle,org.eclipse.jst.servlet.ui,1.1.502.v201202011054,"org.eclipse.jst.servlet.ui",1451337326024
stopped,bundle,org.eclipse.jst.ws.jaxws.dom.integration,1.0.101.v201201031437,"org.eclipse.jst.ws.jaxws.dom.integration",1451337326024
stopped,bundle,org.eclipse.jst.jee.ui,1.0.401.v201202011107,"org.eclipse.jst.jee.ui",1451337326024
stopped,bundle,org.eclipse.jst.j2ee.navigator.ui,1.1.501.v201107261503,"org.eclipse.jst.j2ee.navigator.ui",1451337326039
stopped,bundle,org.eclipse.jst.j2ee.jca.ui,1.1.400.v201004150700,"org.eclipse.jst.j2ee.jca.ui",1451337326039
stopped,bundle,org.eclipse.jst.j2ee.ui,1.1.503.v201201190400,"org.eclipse.jst.j2ee.ui",1451337326039
stopped,bundle,org.eclipse.wst.web.ui,1.1.500.v201111030500,"org.eclipse.wst.web.ui",1451337326039
stopped,bundle,org.eclipse.wst.html.ui,1.0.602.v201202091936,"org.eclipse.wst.html.ui",1451337326039
stopped,bundle,org.eclipse.wst.css.ui,1.0.601.v201201101544,"org.eclipse.wst.css.ui",1451337326039
stopped,bundle,org.eclipse.wst.jsdt.web.core,1.0.401.v201108152113,"org.eclipse.wst.jsdt.web.core",1451337326039
stopped,bundle,org.eclipse.wst.html.core,1.1.502.v201202091936,"org.eclipse.wst.html.core",1451337326039
stopped,bundle,org.eclipse.wst.css.core,1.1.501.v201111292150,"org.eclipse.wst.css.core",1451337326039
stopped,bundle,org.eclipse.jpt.jaxb.eclipselink.core,1.0.0.v201105180000,"org.eclipse.jpt.jaxb.eclipselink.core",1451337326039
stopped,bundle,org.eclipse.jpt.jpa.eclipselink.core,2.0.2.v201111103010,"org.eclipse.jpt.jpa.eclipselink.core",1451337326039
stopped,bundle,org.eclipse.jpt.common.eclipselink.core,1.0.1.v201108080010,"org.eclipse.jpt.common.eclipselink.core",1451337326039
stopped,bundle,org.eclipse.jpt.jaxb.core,1.0.2.v201111103010,"org.eclipse.jpt.jaxb.core",1451337326039
stopped,bundle,org.eclipse.jpt.jpa.core,3.0.2.v201201243020,"org.eclipse.jpt.jpa.core",1451337326039
stopped,bundle,org.eclipse.jpt.common.ui,1.0.1.v201201260000,"org.eclipse.jpt.common.ui",1451337326039
stopped,bundle,org.eclipse.jpt.common.core,1.0.2.v201111103010,"org.eclipse.jpt.common.core",1451337326039
stopped,bundle,org.eclipse.jst.j2ee.ejb.annotations.emitter,1.1.200.v200909290826,"org.eclipse.jst.j2ee.ejb.annotations.emitter",1451337326039
stopped,bundle,org.eclipse.jst.j2ee.ejb.annotation.model,1.1.300.v201003112036,"org.eclipse.jst.j2ee.ejb.annotation.model",1451337326039
stopped,bundle,org.eclipse.jst.jee.ejb,1.0.301.v201007070821,"org.eclipse.jst.jee.ejb",1451337326039
stopped,bundle,org.eclipse.jst.j2ee.ejb,1.1.505.v201202020200,"org.eclipse.jst.j2ee.ejb",1451337326039
stopped,bundle,org.eclipse.jst.jee.web,1.0.301.v201007070907,"org.eclipse.jst.jee.web",1451337326039
stopped,bundle,org.eclipse.jst.ws.jaxrs.ui,1.0.401.v201108230518,"org.eclipse.jst.ws.jaxrs.ui",1451337326039
stopped,bundle,org.eclipse.jst.ws.jaxrs.core,1.0.301.v201108240656,"org.eclipse.jst.ws.jaxrs.core",1451337326039
stopped,bundle,org.eclipse.jst.j2ee.web,1.1.502.v201202090300,"org.eclipse.jst.j2ee.web",1451337326039
stopped,bundle,org.eclipse.jst.jee,1.0.402.v201202021530,"org.eclipse.jst.jee",1451337326039
stopped,bundle,org.eclipse.jst.j2ee.jca,1.1.501.v201111030500,"org.eclipse.jst.j2ee.jca",1451337326039
stopped,bundle,org.eclipse.jst.jsf.facesconfig,1.2.2.v201105031140,"org.eclipse.jst.jsf.facesconfig",1451337326039
stopped,bundle,org.eclipse.jst.j2ee,1.1.503.v201202090300,"org.eclipse.jst.j2ee",1451337326039
stopped,bundle,org.eclipse.jst.j2ee.core,1.2.102.v201202090300,"org.eclipse.jst.j2ee.core",1451337326039
stopped,bundle,org.eclipse.wst.dtd.ui,1.0.600.v201103171359,"org.eclipse.wst.dtd.ui",1451337326039
stopped,bundle,org.eclipse.wst.dtd.core,1.1.501.v201107252021,"org.eclipse.wst.dtd.core",1451337326039
stopped,bundle,org.eclipse.wst.xsd.ui,1.2.404.v201105050216,"org.eclipse.wst.xsd.ui",1451337326039
stopped,bundle,org.eclipse.wst.xml.ui,1.1.202.v201112071516,"org.eclipse.wst.xml.ui",1451337326039
stopped,bundle,org.eclipse.wst.xml.xpath2.wtptypes,2.0.0.v201103212215,"org.eclipse.wst.xml.xpath2.wtptypes",1451337326039
stopped,bundle,org.eclipse.wst.xsd.core,1.1.600.v201104070312,"org.eclipse.wst.xsd.core",1451337326039
stopped,bundle,org.eclipse.wst.xml.core,1.1.602.v201201091944,"org.eclipse.wst.xml.core",1451337326039
stopped,bundle,org.eclipse.mylyn.wikitext.tasks.ui,1.5.0.v20110608-1400,"org.eclipse.mylyn.wikitext.tasks.ui",1451337326039
stopped,bundle,com.atlassian.connector.eclipse.commons.ui,3.0.4.v20120406,"com.atlassian.connector.eclipse.commons.ui",1451337326039
stopped,bundle,org.eclipse.mylyn.bugzilla.ui,3.7.0.v20120319-0200,"org.eclipse.mylyn.bugzilla.ui",1451337326039
stopped,bundle,org.eclipse.mylyn.context.tasks.ui,3.7.0.v20120319-0200,"org.eclipse.mylyn.context.tasks.ui",1451337326039
stopped,bundle,org.eclipse.mylyn.help.ui,3.7.0.v20120319-0200,"org.eclipse.mylyn.help.ui",1451337326039
stopped,bundle,org.eclipse.mylyn.java.tasks,3.7.0.v20120319-0200,"org.eclipse.mylyn.java.tasks",1451337326039
stopped,bundle,org.eclipse.mylyn.tasks.bugs,3.7.0.v20120319-0200,"org.eclipse.mylyn.tasks.bugs",1451337326039
stopped,bundle,org.eclipse.mylyn.team.ui,3.7.0.v20120319-0200,"org.eclipse.mylyn.team.ui",1451337326039
stopped,bundle,org.eclipse.mylyn.tasks.ui,3.7.0.v20120319-0200,"org.eclipse.mylyn.tasks.ui",1451337326039
stopped,bundle,org.eclipse.mylyn.commons.notifications.feed,0.9.0.v20120319-0200,"org.eclipse.mylyn.commons.notifications.feed",1451337326039
stopped,bundle,com.atlassian.connector.eclipse.commons.core,3.0.4.v20120406,"com.atlassian.connector.eclipse.commons.core",1451337326039
stopped,bundle,com.atlassian.connector.eclipse.monitor.ui,3.0.4.v20120406,"com.atlassian.connector.eclipse.monitor.ui",1451337326039
stopped,bundle,com.atlassian.connector.eclipse.monitor.core,3.0.4.v20120406,"com.atlassian.connector.eclipse.monitor.core",1451337326039
stopped,bundle,org.eclipse.equinox.jsp.jasper.registry,1.0.200.v20100503,"org.eclipse.equinox.jsp.jasper.registry",1451337326039
stopped,bundle,org.eclipse.equinox.jsp.jasper,1.0.300.v20110502,"org.eclipse.equinox.jsp.jasper",1451337326039
stopped,bundle,org.eclipse.jst.server.generic.jboss,1.6.1.v200904151730,"org.eclipse.jst.server.generic.jboss",1451337326039
stopped,bundle,org.eclipse.jst.server.generic.jonas,1.5.205.v200805140145,"org.eclipse.jst.server.generic.jonas",1451337326039
stopped,bundle,org.eclipse.jst.server.generic.oc4j,1.5.206.v20090812,"org.eclipse.jst.server.generic.oc4j",1451337326039
stopped,bundle,org.eclipse.jst.server.websphere.core,1.0.302.v20080620,"org.eclipse.jst.server.websphere.core",1451337326039
stopped,bundle,org.eclipse.jst.server.generic.ui,1.0.505.v20100428,"org.eclipse.jst.server.generic.ui",1451337326039
stopped,bundle,org.eclipse.jst.server.generic.core,1.0.700.v20101219,"org.eclipse.jst.server.generic.core",1451337326039
stopped,bundle,org.eclipse.mylyn.ide.ant,3.7.0.v20120319-0200,"org.eclipse.mylyn.ide.ant",1451337326039
stopped,bundle,org.eclipse.ant.ui,3.5.101.v20120110-1739,"org.eclipse.ant.ui",1451337326039
stopped,bundle,org.eclipse.ant.launching,1.0.101.v20120110-1739,"org.eclipse.ant.launching",1451337326039
stopped,bundle,org.eclipse.emf.importer.ecore,2.6.0.v20120130-0943,"org.eclipse.emf.importer.ecore",1451337326039
stopped,bundle,org.eclipse.emf.importer.java,2.6.0.v20120130-0943,"org.eclipse.emf.importer.java",1451337326039
stopped,bundle,org.eclipse.emf.importer.rose,2.6.0.v20120130-0943,"org.eclipse.emf.importer.rose",1451337326039
stopped,bundle,org.eclipse.emf.ant,2.7.0.v20120130-0943,"org.eclipse.emf.ant",1451337326039
stopped,bundle,org.eclipse.jdt.apt.pluggable.core,1.0.400.v20110305-1450,"org.eclipse.jdt.apt.pluggable.core",1451337326039
stopped,bundle,org.eclipse.jdt.apt.ui,3.3.300.v20110305-1450,"org.eclipse.jdt.apt.ui",1451337326039
stopped,bundle,org.eclipse.jst.ws.jaxb.core,1.0.100.v201104031139,"org.eclipse.jst.ws.jaxb.core",1451337326039
stopped,bundle,org.eclipse.jst.ws.annotations.core,1.1.0.v201104031139,"org.eclipse.jst.ws.annotations.core",1451337326039
stopped,bundle,org.eclipse.jdt.apt.core,3.3.500.v20110420-1015,"org.eclipse.jdt.apt.core",1451337326039
stopped,bundle,org.eclipse.mylyn.wikitext.ui,1.5.0.v20110608-1400,"org.eclipse.mylyn.wikitext.ui",1451337326039
stopped,bundle,org.eclipse.mylyn.wikitext.core,1.5.1.v20110720-0100,"org.eclipse.mylyn.wikitext.core",1451337326039
stopped,bundle,org.eclipse.wst.command.env.ui,1.1.103.v201102260635,"org.eclipse.wst.command.env.ui",1451337326039
stopped,bundle,org.eclipse.wst.command.env,1.0.409.v201004211805,"org.eclipse.wst.command.env",1451337326039
stopped,bundle,org.eclipse.ajdt.examples,2.2.0.e37x-20120314-1100,"org.eclipse.ajdt.examples",1451337326039
stopped,bundle,org.eclipse.ajdt.core,2.2.0.e37x-20120314-1100,"org.eclipse.ajdt.core",1451337326039
stopped,bundle,org.aspectj.ajde,1.7.0.20120309122400,"org.aspectj.ajde",1451337326039
stopped,bundle,org.eclipse.mylyn.java.ui,3.7.0.v20120319-0200,"org.eclipse.mylyn.java.ui",1451337326039
stopped,bundle,org.eclipse.mylyn.ide.ui,3.7.0.v20120319-0200,"org.eclipse.mylyn.ide.ui",1451337326039
stopped,bundle,org.eclipse.mylyn.resources.ui,3.7.0.v20120319-0200,"org.eclipse.mylyn.resources.ui",1451337326039
stopped,bundle,org.eclipse.mylyn.bugzilla.core,3.7.0.v20120319-0200,"org.eclipse.mylyn.bugzilla.core",1451337326039
stopped,bundle,org.eclipse.mylyn.commons.xmlrpc,3.7.0.v20120319-0200,"org.eclipse.mylyn.commons.xmlrpc",1451337326039
stopped,bundle,org.eclipse.ecf.provider.filetransfer.httpclient,4.0.0.v20110531-2218,"org.eclipse.ecf.provider.filetransfer.httpclient",1451337326039
stopped,bundle,org.eclipse.epp.mpc.core,1.1.1.I20110907-0947,"org.eclipse.epp.mpc.core",1451337326039
